vds,coss,crss
0.05,3.22495E-09,2.74027E-10
0.1,3.15695E-09,2.52286E-10
0.25,2.98154E-09,2.04094E-10
0.5,2.75336E-09,1.55288E-10
1,2.42944E-09,1.05646E-10
1.5,2.2017E-09,8.03823E-11
2,2.02899E-09,6.50274E-11
3,1.77929E-09,4.72362E-11
4,1.6039E-09,3.72038E-11
5,1.4719E-09,3.07465E-11
7,1.28315E-09,2.28998E-11
10,1.10011E-09,1.66345E-11
15,9.16024E-10,1.14901E-11
20,8.01216E-10,8.80996E-12
25,7.20907E-10,7.16023E-12
30,6.60694E-10,6.04025E-12
40,5.74966E-10,4.61379E-12
50,5.15733E-10,3.74122E-12
60,4.71672E-10,3.15117E-12
70,4.37249E-10,2.72496E-12
80,4.09396E-10,2.40234E-12
90,3.8626E-10,2.14943E-12
100,3.66644E-10,1.94573E-12
